seed,agent,condition,variant,step,episode_return,episode_steps,loss,eval_success_rate,eval_avg_return,eval_avg_steps
1,ppo,obs_remap,full,1,-0.5119999408721924,51.2,-0.3573765158653259,,,
1,ppo,obs_remap,full,2,-0.5119999408721924,51.2,0.0835007056593895,0.0,-0.4999999888241291,50.0
1,ppo,obs_remap,full,3,-0.5119999408721924,51.2,-0.05396425351500511,,,
1,ppo,obs_remap,full,4,-0.5119999408721924,51.2,-0.05817855894565582,0.0,-0.4999999888241291,50.0
1,ppo,obs_remap,full,5,-0.4654544917019931,46.54545454545455,0.18702252209186554,,,
1,ppo,obs_remap,full,6,-0.5119999408721924,51.2,-0.14584414660930634,0.0,-0.4999999888241291,50.0
1,ppo,obs_remap,full,7,-0.5119999408721924,51.2,-0.14997121691703796,,,
1,ppo,obs_remap,full,8,-0.5119999408721924,51.2,0.002938917838037014,0.0,-0.4999999888241291,50.0
1,ppo,obs_remap,full,9,-0.4654544917019931,46.54545454545455,-0.14335282146930695,,,
