seed,batch_idx,collected_frames,condition,n_eval_episodes,success_rate,avg_return,avg_steps
2,10,5120,stable,20,0.0,-0.4999999888241291,50.0
2,20,10240,stable,20,1.0,0.9100000020116568,10.0
2,30,15360,stable,20,1.0,0.9100000020116568,10.0
2,40,20480,stable,20,1.0,0.9100000020116568,10.0
2,50,25600,stable,20,1.0,0.9100000020116568,10.0
2,60,30720,stable,20,1.0,0.9100000020116568,10.0
2,70,35840,stable,20,1.0,0.9100000020116568,10.0
2,80,40960,stable,20,1.0,0.9100000020116568,10.0
2,90,46080,stable,20,1.0,0.9100000020116568,10.0
