seed,episode,condition,success_rate,avg_return,avg_steps
1,25,stable,0.0,-0.4999999888241291,50.0
1,50,stable,0.0,-0.4999999888241291,50.0
1,75,stable,0.0,-0.4999999888241291,50.0
1,100,stable,0.0,-0.4999999888241291,50.0
1,125,stable,0.0,-0.4999999888241291,50.0
1,150,stable,0.0,-0.4999999888241291,50.0
1,175,stable,0.0,-0.4999999888241291,50.0
1,200,stable,0.0,-0.4999999888241291,50.0
1,225,stable,0.0,-0.4999999888241291,50.0
1,250,stable,0.0,-0.4999999888241291,50.0
1,275,stable,0.0,-0.4999999888241291,50.0
1,300,stable,0.0,-0.4999999888241291,50.0
1,325,stable,0.0,-0.4999999888241291,50.0
1,350,stable,0.0,-0.4999999888241291,50.0
1,375,stable,0.0,-0.4999999888241291,50.0
1,400,stable,0.0,-0.4999999888241291,50.0
1,425,stable,0.0,-0.4999999888241291,50.0
1,450,stable,0.0,-0.4999999888241291,50.0
1,475,stable,0.0,-0.4999999888241291,50.0
1,500,stable,0.0,-0.4999999888241291,50.0
